time,request_rate,pods,cpu,memory,latency,prob_30s,prob_60s,action,reason,spike_desc,latency_violation,cpu_overload
0,32.26377337767688,4,19.67913201330306,15.662646177198258,67.12194355728042,0.0037050238,0.0052202693,SCALE_DOWN,Low spike probability (0.00) + Low CPU (20.0%),âœ… NORMAL LOAD - 32 req/s,False,False
1,32.37397089247603,4,19.71219126774281,15.688818086963057,62.84402205495857,0.0036477125,0.005781507,HOLD,In cooldown (9s remaining),âœ… NORMAL LOAD - 32 req/s,False,False
2,33.19743151958244,4,19.95922945587473,15.884389985900828,67.74786326332185,0.0061923596,0.0067892564,HOLD,In cooldown (8s remaining),âœ… NORMAL LOAD - 33 req/s,False,False
3,31.928400832941367,4,19.57852024988241,15.582995197823575,63.28066630422911,0.0034873858,0.0074143857,HOLD,In cooldown (7s remaining),âœ… NORMAL LOAD - 32 req/s,False,False
4,29.86651249192863,4,18.959953747578588,15.093296716833049,68.2265535587114,0.003353965,0.0053834314,HOLD,In cooldown (6s remaining),ðŸ’¤ LOW LOAD - 30 req/s,False,False
5,24.94833357069251,4,17.48450007120775,13.92522922303947,64.27906776170562,0.008916439,0.009776585,HOLD,In cooldown (5s remaining),ðŸ’¤ LOW LOAD - 25 req/s,False,False
6,36.67254971108319,4,21.001764913324955,16.709730556382258,63.962259880057495,0.0019568913,0.006060784,HOLD,In cooldown (4s remaining),âœ… NORMAL LOAD - 37 req/s,False,False
7,27.09926121471868,4,18.129778364415603,14.436074538495685,66.75748617053733,0.007260458,0.008521123,HOLD,In cooldown (3s remaining),ðŸ’¤ LOW LOAD - 27 req/s,False,False
8,20.0,4,16.0,12.75,65.38243060691704,0.10609255,0.0640011,HOLD,In cooldown (2s remaining),ðŸ’¤ LOW LOAD - 20 req/s,False,False
9,34.580607712852576,4,20.374182313855773,16.212894331802488,67.30421545323627,0.002662766,0.007235572,HOLD,In cooldown (1s remaining),âœ… NORMAL LOAD - 35 req/s,False,False
10,39.987693863420056,4,21.996308159026015,17.497077292562263,68.53493462601924,0.0034157983,0.0058984174,HOLD,In cooldown (0s remaining),âœ… NORMAL LOAD - 40 req/s,False,False
11,20.0,3,18.0,14.333333333333332,67.97518193686231,0.121149406,0.055233527,SCALE_DOWN,Low spike probability (0.12) + Low CPU (22.0%),ðŸ’¤ LOW LOAD - 20 req/s,False,False
12,29.005066791066252,3,21.6020267164265,17.18493781717098,66.86480039533882,0.005588155,0.0066203144,HOLD,In cooldown (9s remaining),ðŸ’¤ LOW LOAD - 29 req/s,False,False
13,36.93300807432942,3,24.77320322973177,19.695452556870983,74.30740003524541,0.00399667,0.005235734,HOLD,In cooldown (8s remaining),âœ… NORMAL LOAD - 37 req/s,False,False
14,28.697751932936097,3,21.479100773174437,17.087621445429765,67.37108327540633,0.006248841,0.007479799,HOLD,In cooldown (7s remaining),ðŸ’¤ LOW LOAD - 29 req/s,False,False
15,25.86910301354776,3,20.3476412054191,16.19188262095679,64.12993465048719,0.010729108,0.007882343,HOLD,In cooldown (6s remaining),ðŸ’¤ LOW LOAD - 26 req/s,False,False
16,32.80358934606629,3,23.121435738426513,18.387803292920992,65.96458991918712,0.0051165856,0.006195509,HOLD,In cooldown (5s remaining),âœ… NORMAL LOAD - 33 req/s,False,False
17,37.439790885660415,3,24.975916354264164,19.855933780459132,73.87720664326744,0.0040520993,0.006452488,HOLD,In cooldown (4s remaining),âœ… NORMAL LOAD - 37 req/s,False,False
18,33.08788721894656,3,23.235154887578624,18.47783095266641,69.64356445530737,0.009744282,0.0077621955,HOLD,In cooldown (3s remaining),âœ… NORMAL LOAD - 33 req/s,False,False
19,35.26291567936843,3,24.105166271747372,19.166589965133337,73.34090838067652,0.0047444883,0.0051736403,HOLD,In cooldown (2s remaining),âœ… NORMAL LOAD - 35 req/s,False,False
20,25.342639003972916,3,20.137055601589168,16.025169017924757,69.31517423224857,0.009978622,0.0057905535,HOLD,In cooldown (1s remaining),ðŸ’¤ LOW LOAD - 25 req/s,False,False
21,28.862411369213564,3,21.544964547685424,17.13976360025096,66.73298791004078,0.0055633443,0.007691723,HOLD,In cooldown (0s remaining),ðŸ’¤ LOW LOAD - 29 req/s,False,False
22,28.00599691941427,2,26.80359815164856,21.302848536721775,70.66124884268015,0.0058270185,0.005892046,SCALE_DOWN,Low spike probability (0.01) + Low CPU (21.5%) [HIT MIN LIMIT],ðŸ’¤ LOW LOAD - 28 req/s,False,False
23,28.35745258493936,2,27.014471550963616,21.469789977846197,73.4226577096989,0.006713787,0.005899782,HOLD,In cooldown (9s remaining),ðŸ’¤ LOW LOAD - 28 req/s,False,False
24,32.90640683564988,2,29.74384410138993,23.63054324693369,74.67873919272276,0.004263252,0.007030066,HOLD,In cooldown (8s remaining),âœ… NORMAL LOAD - 33 req/s,False,False
25,32.81928236774391,2,29.691569420646346,23.589159124678357,73.6781499043885,0.0031321815,0.0064500244,HOLD,In cooldown (7s remaining),âœ… NORMAL LOAD - 33 req/s,False,False
26,28.682393213783573,2,27.209435928270143,21.624136776547196,73.98302567491046,0.0061557307,0.0069643096,HOLD,In cooldown (6s remaining),ðŸ’¤ LOW LOAD - 29 req/s,False,False
27,22.689714308921317,2,23.613828585352792,18.777614296737624,67.12756117029974,0.021728475,0.014145271,HOLD,In cooldown (5s remaining),ðŸ’¤ LOW LOAD - 23 req/s,False,False
28,27.747877973049643,2,26.648726783829787,21.180242037198582,71.00400794726573,0.0063832863,0.0072852764,HOLD,In cooldown (4s remaining),ðŸ’¤ LOW LOAD - 28 req/s,False,False
29,29.99863291626,2,27.999179749756,22.2493506352235,70.40657072544433,0.004546433,0.009327745,HOLD,In cooldown (3s remaining),ðŸ’¤ LOW LOAD - 30 req/s,False,False
30,25.259846814969745,2,25.155908088981846,19.998427237110626,70.01666245064189,0.00750011,0.009817036,HOLD,In cooldown (2s remaining),ðŸ’¤ LOW LOAD - 25 req/s,False,False
31,22.90267797888643,2,23.741606787331857,18.878772039971054,68.94334180645409,0.017218973,0.03281428,HOLD,In cooldown (1s remaining),ðŸ’¤ LOW LOAD - 23 req/s,False,False
32,25.906190458775807,2,25.543714275265483,20.30544046791851,71.21078586524462,0.007330182,0.011044637,HOLD,In cooldown (0s remaining),ðŸ’¤ LOW LOAD - 26 req/s,False,False
33,40.585054733380574,2,34.35103284002834,27.277900998355772,76.89375737386142,0.0015582406,0.010064248,SCALE_DOWN,Low spike probability (0.00) + Low CPU (25.5%) [HIT MIN LIMIT],âœ… NORMAL LOAD - 41 req/s,False,False
34,25.62746158889629,2,25.37647695333777,20.17304425472574,68.01567036437461,0.008812888,0.011627457,HOLD,In cooldown (9s remaining),ðŸ’¤ LOW LOAD - 26 req/s,False,False
35,33.56837165360572,2,30.141022992163432,23.944976535462718,74.27503999922746,0.0038406407,0.014759695,HOLD,In cooldown (8s remaining),âœ… NORMAL LOAD - 34 req/s,False,False
36,41.28640170257557,2,34.77184102154534,27.611040808723395,78.55360171620383,0.0027265563,0.00498344,HOLD,In cooldown (7s remaining),âœ… NORMAL LOAD - 41 req/s,False,False
37,24.958707539404525,2,24.975224523642716,19.855386081217148,74.46149261817006,0.011467991,0.01027359,HOLD,In cooldown (6s remaining),ðŸ’¤ LOW LOAD - 25 req/s,False,False
38,29.537907997174464,2,27.722744798304678,22.03050629865787,71.33437846476578,0.0066115144,0.0072294814,HOLD,In cooldown (5s remaining),ðŸ’¤ LOW LOAD - 30 req/s,False,False
39,37.682901241842366,2,32.60974074510542,25.899378089875125,75.18629418220421,0.0057720505,0.0059253224,HOLD,In cooldown (4s remaining),âœ… NORMAL LOAD - 38 req/s,False,False
40,28.74241573802957,2,27.24544944281774,21.652647475564045,68.7878146850555,0.007469692,0.020723727,HOLD,In cooldown (3s remaining),ðŸ’¤ LOW LOAD - 29 req/s,False,False
41,33.377521296809405,2,30.026512778085642,23.854322615984465,73.69230051304959,0.0047223656,0.007844405,HOLD,In cooldown (2s remaining),âœ… NORMAL LOAD - 33 req/s,False,False
42,39.25736231230768,2,33.5544173873846,26.647247098346146,75.09466953602711,0.0066673895,0.0048337067,HOLD,In cooldown (1s remaining),âœ… NORMAL LOAD - 39 req/s,False,False
43,31.06388449069729,2,28.638330694418375,22.755345133081214,72.31665445997024,0.008480728,0.0074149612,HOLD,In cooldown (0s remaining),âœ… NORMAL LOAD - 31 req/s,False,False
44,29.480716638333742,2,27.688429983000244,22.003340403208526,71.55250738729313,0.0051663537,0.007745174,SCALE_DOWN,Low spike probability (0.01) + Low CPU (28.6%) [HIT MIN LIMIT],ðŸ’¤ LOW LOAD - 29 req/s,False,False
45,34.57124438829014,2,30.742746632974082,24.421341084437817,73.2210487082899,0.0056740977,0.0053969445,HOLD,In cooldown (9s remaining),âœ… NORMAL LOAD - 35 req/s,False,False
46,30.67841797811635,2,28.40705078686981,22.572248539605265,73.01566743076998,0.0065632695,0.0061088717,HOLD,In cooldown (8s remaining),âœ… NORMAL LOAD - 31 req/s,False,False
47,25.973183301529076,2,25.583909980917447,20.33726206822631,69.10377733003983,0.008944238,0.0064372024,HOLD,In cooldown (7s remaining),ðŸ’¤ LOW LOAD - 26 req/s,False,False
48,29.371503631834408,2,27.622902179100645,21.95146422512134,70.28057823243392,0.004988112,0.0065476745,HOLD,In cooldown (6s remaining),ðŸ’¤ LOW LOAD - 29 req/s,False,False
49,28.452407962559484,2,27.07144477753569,21.514893782215754,72.33348673675309,0.0053784675,0.008555544,HOLD,In cooldown (5s remaining),ðŸ’¤ LOW LOAD - 28 req/s,False,False
50,22.43046996886118,2,23.45828198131671,18.65447323520906,69.13862430010545,0.018490262,0.032463327,HOLD,In cooldown (4s remaining),ðŸ’¤ LOW LOAD - 22 req/s,False,False
51,30.393488677372225,2,28.236093206423334,22.43690712175181,74.52025847609357,0.004671998,0.018634921,HOLD,In cooldown (3s remaining),âœ… NORMAL LOAD - 30 req/s,False,False
52,33.23127999861994,2,29.93876799917196,23.78485799934447,73.84791211983931,0.005687228,0.005167626,HOLD,In cooldown (2s remaining),âœ… NORMAL LOAD - 33 req/s,False,False
53,29.91559197817253,2,27.949355186903517,22.20990618963195,66.97241505958155,0.005406259,0.008259949,HOLD,In cooldown (1s remaining),ðŸ’¤ LOW LOAD - 30 req/s,False,False
54,29.24223069799246,2,27.545338418795478,21.890059581546417,76.3628839880138,0.0057651424,0.0070417323,HOLD,In cooldown (0s remaining),ðŸ’¤ LOW LOAD - 29 req/s,False,False
55,35.22191161355926,2,31.133146968135552,24.730408016440645,73.0612633903838,0.0039607817,0.005285589,SCALE_DOWN,Low spike probability (0.00) + Low CPU (27.5%) [HIT MIN LIMIT],âœ… NORMAL LOAD - 35 req/s,False,False
56,27.83190645980781,2,26.699143875884687,21.22015556840871,69.93024028943726,0.007536049,0.0074040727,HOLD,In cooldown (9s remaining),ðŸ’¤ LOW LOAD - 28 req/s,False,False
57,26.3583746078867,2,25.81502476473202,20.52022793874618,69.7256018277502,0.01037947,0.008577441,HOLD,In cooldown (8s remaining),ðŸ’¤ LOW LOAD - 26 req/s,False,False
58,33.23467763791822,2,29.94080658275093,23.786471878011152,74.77234053770836,0.004583688,0.0090633165,HOLD,In cooldown (7s remaining),âœ… NORMAL LOAD - 33 req/s,False,False
59,34.791760733339686,2,30.87505644000381,24.52608634833635,76.73427814622212,0.003768633,0.006127899,HOLD,In cooldown (6s remaining),âœ… NORMAL LOAD - 35 req/s,False,False
60,20.0,2,22.0,17.5,66.04324469036122,0.103148095,0.07553596,HOLD,In cooldown (5s remaining),ðŸ’¤ LOW LOAD - 20 req/s,False,False
61,27.837440179881536,2,26.702464107928922,21.222784085443728,73.5265659338232,0.0063584982,0.0073533827,HOLD,In cooldown (4s remaining),ðŸ’¤ LOW LOAD - 28 req/s,False,False
62,34.281380825968064,2,30.56882849558084,24.28365589233483,76.76839511409112,0.005146208,0.006186446,HOLD,In cooldown (3s remaining),âœ… NORMAL LOAD - 34 req/s,False,False
63,31.591397153277267,2,28.95483829196636,23.0059136478067,75.58569204239103,0.0045120665,0.007572018,HOLD,In cooldown (2s remaining),âœ… NORMAL LOAD - 32 req/s,False,False
64,30.461554108182792,2,28.276932464909674,22.469238201386826,70.69308984120345,0.0065820226,0.010401112,HOLD,In cooldown (1s remaining),âœ… NORMAL LOAD - 30 req/s,False,False
65,26.47235969466825,2,25.883415816800948,20.57437085496742,73.05205984665116,0.01253859,0.0075903335,HOLD,In cooldown (0s remaining),ðŸ’¤ LOW LOAD - 26 req/s,False,False
66,28.11652794113949,2,26.869916764683694,21.355350772041255,73.479213726763,0.006618765,0.0064735105,SCALE_DOWN,Low spike probability (0.01) + Low CPU (25.9%) [HIT MIN LIMIT],ðŸ’¤ LOW LOAD - 28 req/s,False,False
67,41.66276228028142,2,34.99765736816885,27.789812083133672,80.28281158309271,0.0033443782,0.0047299583,HOLD,In cooldown (9s remaining),âœ… NORMAL LOAD - 42 req/s,False,False
68,20.302070823186703,2,22.181242493912023,17.64348364101368,67.5449002955764,0.14647765,0.056704514,HOLD,In cooldown (8s remaining),ðŸ’¤ LOW LOAD - 20 req/s,False,False
69,28.143526528371385,2,26.88611591702283,21.36817510097641,67.66467710233434,0.006675862,0.015280373,HOLD,In cooldown (7s remaining),ðŸ’¤ LOW LOAD - 28 req/s,False,False
70,30.103049666777046,2,28.061829800066228,22.298948591719096,73.40852302257545,0.0064240564,0.0072976705,HOLD,In cooldown (6s remaining),âœ… NORMAL LOAD - 30 req/s,False,False
71,28.596106801814603,2,27.15766408108876,21.583150730861938,77.48416731810548,0.006209352,0.011998857,HOLD,In cooldown (5s remaining),ðŸ’¤ LOW LOAD - 29 req/s,False,False
72,37.242225568575584,2,32.34533534114535,25.690057145073403,75.10535385011941,0.0048157955,0.011686102,HOLD,In cooldown (4s remaining),âœ… NORMAL LOAD - 37 req/s,False,False
73,37.50653103362414,2,32.50391862017449,25.815602240971465,75.70726100735206,0.0036899438,0.006490683,HOLD,In cooldown (3s remaining),âœ… NORMAL LOAD - 38 req/s,False,False
74,25.521791265141594,2,25.313074759084955,20.122850850942257,70.62471054243075,0.008915524,0.01036149,HOLD,In cooldown (2s remaining),ðŸ’¤ LOW LOAD - 26 req/s,False,False
75,22.82694156888916,2,23.696164941333496,18.84279724522235,66.97963331958702,0.022324046,0.030251447,HOLD,In cooldown (1s remaining),ðŸ’¤ LOW LOAD - 23 req/s,False,False
76,25.280558472184243,2,25.168335083310545,20.008265274287517,66.09700664656587,0.008838691,0.012264648,HOLD,In cooldown (0s remaining),ðŸ’¤ LOW LOAD - 25 req/s,False,False
77,25.770665449053457,2,25.462399269432073,20.241066088300393,71.2533767037973,0.0073884623,0.009917218,SCALE_DOWN,Low spike probability (0.01) + Low CPU (25.2%) [HIT MIN LIMIT],ðŸ’¤ LOW LOAD - 26 req/s,False,False
78,27.25419262665799,2,26.352515575994794,20.945741497662546,69.68720657459916,0.007790154,0.010794552,HOLD,In cooldown (9s remaining),ðŸ’¤ LOW LOAD - 27 req/s,False,False
79,32.413671968423095,2,29.448203181053856,23.396494185000968,73.68492639729094,0.0036779635,0.018336812,HOLD,In cooldown (8s remaining),âœ… NORMAL LOAD - 32 req/s,False,False
80,36.81537598208472,2,32.08922558925083,25.48730359149024,76.13270455679135,0.0054541016,0.010268049,HOLD,In cooldown (7s remaining),âœ… NORMAL LOAD - 37 req/s,False,False
81,26.77608385143835,2,26.06565031086301,20.718639829433215,70.9261906388294,0.0110467365,0.015292705,HOLD,In cooldown (6s remaining),ðŸ’¤ LOW LOAD - 27 req/s,False,False
82,26.15880482990407,2,25.69528289794244,20.425432294204434,74.05370227513258,0.008677081,0.013189347,HOLD,In cooldown (5s remaining),ðŸ’¤ LOW LOAD - 26 req/s,False,False
83,29.35644232891694,2,27.613865397350164,21.944310106235548,70.69410217640511,0.0061901556,0.016235627,HOLD,In cooldown (4s remaining),ðŸ’¤ LOW LOAD - 29 req/s,False,False
84,34.881255318363145,2,30.928753191017886,24.568596276222493,77.18403180082737,0.0038069165,0.023280602,HOLD,In cooldown (3s remaining),âœ… NORMAL LOAD - 35 req/s,False,False
85,30.36646920086209,2,28.21988152051725,22.42407287040949,71.67609978526265,0.0043685627,0.014516297,HOLD,In cooldown (2s remaining),âœ… NORMAL LOAD - 30 req/s,False,False
86,37.40516224956197,2,32.44309734973718,25.767452068541935,77.9630316217494,0.0037665623,0.013331462,HOLD,In cooldown (1s remaining),âœ… NORMAL LOAD - 37 req/s,False,False
87,30.508076333518773,2,28.304845800111263,22.491336258421416,75.62438985621411,0.0061395206,0.013909859,HOLD,In cooldown (0s remaining),âœ… NORMAL LOAD - 31 req/s,False,False
88,24.55199819007504,2,24.731198914045024,19.662199140285644,70.15950237395877,0.0131970085,0.023459073,SCALE_DOWN,Low spike probability (0.01) + Low CPU (28.3%) [HIT MIN LIMIT],ðŸ’¤ LOW LOAD - 25 req/s,False,False
89,28.283051796210017,2,26.96983107772601,21.43444960319976,70.13974550356794,0.008342163,0.021578193,HOLD,In cooldown (9s remaining),ðŸ’¤ LOW LOAD - 28 req/s,False,False
90,20.442563945170026,2,22.265538367102018,17.710217873955763,68.50175281367757,0.08033462,0.06022052,HOLD,In cooldown (8s remaining),ðŸ’¤ LOW LOAD - 20 req/s,False,False
91,25.748783166900157,2,25.449269900140095,20.230672004277572,72.51631422367532,0.011630965,0.012858438,HOLD,In cooldown (7s remaining),ðŸ’¤ LOW LOAD - 26 req/s,False,False
92,28.993266967532676,2,27.395960180519605,21.771801809578022,73.07440132950704,0.003841896,0.013001183,HOLD,In cooldown (6s remaining),ðŸ’¤ LOW LOAD - 29 req/s,False,False
93,32.4961128442123,2,29.497667706527377,23.43565360100084,73.15045935482271,0.0036395767,0.026095523,HOLD,In cooldown (5s remaining),âœ… NORMAL LOAD - 32 req/s,False,False
94,43.0955179568163,2,35.85731077408978,28.470371029487744,78.92635588253161,0.0023661137,0.005828654,HOLD,In cooldown (4s remaining),âœ… NORMAL LOAD - 43 req/s,False,False
95,27.22053528265931,2,26.332321169595584,20.92975425926317,72.48928716913441,0.008052513,0.015346999,HOLD,In cooldown (3s remaining),ðŸ’¤ LOW LOAD - 27 req/s,False,False
96,29.556468200032647,2,27.733880920019587,22.039322395015507,73.52020816721442,0.008369682,0.019781368,HOLD,In cooldown (2s remaining),ðŸ’¤ LOW LOAD - 30 req/s,False,False
97,27.03350717802503,2,26.220104306815017,20.840915909561886,72.2261181939055,0.009760629,0.019662954,HOLD,In cooldown (1s remaining),ðŸ’¤ LOW LOAD - 27 req/s,False,False
98,28.923539850172315,2,27.35412391010339,21.738681428831846,68.68328282915478,0.005591216,0.021844914,HOLD,In cooldown (0s remaining),ðŸ’¤ LOW LOAD - 29 req/s,False,False
99,26.333317734173807,2,25.799990640504284,20.508325923732556,68.56682087103393,0.0068972893,0.011554146,SCALE_DOWN,Low spike probability (0.01) + Low CPU (27.4%) [HIT MIN LIMIT],ðŸ’¤ LOW LOAD - 26 req/s,False,False
100,23.14203618020588,2,23.88522170812353,18.992467185597793,68.84090487353846,0.011214435,0.030009864,HOLD,In cooldown (9s remaining),ðŸ’¤ LOW LOAD - 23 req/s,False,False
101,27.977754942567785,2,26.78665296554067,21.289433597719697,69.45116601171864,0.0059726136,0.024397444,HOLD,In cooldown (8s remaining),ðŸ’¤ LOW LOAD - 28 req/s,False,False
102,30.02213594109899,2,28.013281564659394,22.260514572022018,70.2900177592332,0.004214125,0.014305743,HOLD,In cooldown (7s remaining),âœ… NORMAL LOAD - 30 req/s,False,False
103,38.22024722837937,2,32.93214833702763,26.1546174334802,75.55714603459808,0.0033921876,0.007312463,HOLD,In cooldown (6s remaining),âœ… NORMAL LOAD - 38 req/s,False,False
104,27.79061949218687,2,26.67437169531212,21.200544258788764,75.73086804078633,0.00656004,0.011324197,HOLD,In cooldown (5s remaining),ðŸ’¤ LOW LOAD - 28 req/s,False,False
105,35.204598628599044,2,31.122759177159427,24.722184348584545,75.48086991065256,0.004673626,0.012524835,HOLD,In cooldown (4s remaining),âœ… NORMAL LOAD - 35 req/s,False,False
106,29.34587634123149,2,27.607525804738895,21.939291262084957,71.55282490041846,0.0053944956,0.020935075,HOLD,In cooldown (3s remaining),ðŸ’¤ LOW LOAD - 29 req/s,False,False
107,20.45052523300328,2,22.270315139801966,17.71399948567656,69.3245174634314,0.06749927,0.05869723,HOLD,In cooldown (2s remaining),ðŸ’¤ LOW LOAD - 20 req/s,False,False
108,25.75574618546151,2,25.453447711276908,20.233979438094217,70.45747214890571,0.010318054,0.013649406,HOLD,In cooldown (1s remaining),ðŸ’¤ LOW LOAD - 26 req/s,False,False
109,24.40979147560889,2,24.645874885365334,19.59465095091422,66.60433309061617,0.0063587395,0.017647455,HOLD,In cooldown (0s remaining),ðŸ’¤ LOW LOAD - 24 req/s,False,False
110,29.65770559839562,2,27.79462335903737,22.08741015923792,72.52015782966943,0.0038846908,0.010921426,SCALE_DOWN,Low spike probability (0.00) + Low CPU (24.6%) [HIT MIN LIMIT],ðŸ’¤ LOW LOAD - 30 req/s,False,False
111,27.547308169496308,2,26.528384901697784,21.084971380510744,70.92633058321006,0.0060792766,0.010456383,HOLD,In cooldown (9s remaining),ðŸ’¤ LOW LOAD - 28 req/s,False,False
112,35.89032157042481,2,31.534192942254887,25.047902745951784,77.57237761929413,0.0053656497,0.01640855,HOLD,In cooldown (8s remaining),âœ… NORMAL LOAD - 36 req/s,False,False
113,39.20022081049324,2,33.52013248629595,26.62010488498429,77.78332503395637,0.0042891386,0.009471932,HOLD,In cooldown (7s remaining),âœ… NORMAL LOAD - 39 req/s,False,False
114,36.26242606226502,2,31.757455637359012,25.224652379575883,78.66654353153615,0.0044037676,0.0123494,HOLD,In cooldown (6s remaining),âœ… NORMAL LOAD - 36 req/s,False,False
115,25.92351054062451,2,25.554106324374704,20.31366750679664,70.01067779243407,0.010610816,0.013692105,HOLD,In cooldown (5s remaining),ðŸ’¤ LOW LOAD - 26 req/s,False,False
116,26.088769543138312,2,25.653261725882984,20.392165532990695,72.02671782756529,0.0055910912,0.013731093,HOLD,In cooldown (4s remaining),ðŸ’¤ LOW LOAD - 26 req/s,False,False
117,30.677209311485925,2,28.406325586891555,22.571674422955816,73.76198119598287,0.008921286,0.024117831,HOLD,In cooldown (3s remaining),âœ… NORMAL LOAD - 31 req/s,False,False
118,30.5014149400306,2,28.30084896401836,22.488172096514532,73.8579996073263,0.0047226143,0.018183779,HOLD,In cooldown (2s remaining),âœ… NORMAL LOAD - 31 req/s,False,False
119,33.22309701218584,2,29.933858207311502,23.780971080788273,72.2278138193416,0.0043716724,0.013250051,HOLD,In cooldown (1s remaining),âœ… NORMAL LOAD - 33 req/s,False,False
120,26.14908138881333,2,25.689448833287997,20.42081365968633,70.84756574414874,0.0075921076,0.011577794,HOLD,In cooldown (0s remaining),ðŸ’¤ LOW LOAD - 26 req/s,False,False
121,21.279549676774536,2,22.76772980606472,18.107786096467905,69.51597773455791,0.06721822,0.07835737,SCALE_DOWN,Low spike probability (0.07) + Low CPU (25.7%) [HIT MIN LIMIT],ðŸ’¤ LOW LOAD - 21 req/s,False,False
122,25.17375568029229,2,25.104253408175374,19.95753394813884,69.1751814321034,0.006402177,0.01319966,HOLD,In cooldown (9s remaining),ðŸ’¤ LOW LOAD - 25 req/s,False,False
123,30.944758299218996,2,28.566854979531396,22.698760192129022,73.96821826669638,0.005572033,0.021375773,HOLD,In cooldown (8s remaining),âœ… NORMAL LOAD - 31 req/s,False,False
124,34.140433382623264,2,30.484260029573957,24.21670585674605,72.61621626927312,0.003828966,0.009719591,HOLD,In cooldown (7s remaining),âœ… NORMAL LOAD - 34 req/s,False,False
125,20.89005434253365,2,22.53403260552019,17.922775812703485,66.89315219223181,0.030927578,0.02867057,HOLD,In cooldown (6s remaining),ðŸ’¤ LOW LOAD - 21 req/s,False,False
126,35.42143939991461,2,31.252863639948767,24.82518371495944,70.79352369351504,0.0039522992,0.006833731,HOLD,In cooldown (5s remaining),âœ… NORMAL LOAD - 35 req/s,False,False
127,32.45491899643632,2,29.47295139786179,23.41608652330725,73.63243053951854,0.0038252668,0.018528424,HOLD,In cooldown (4s remaining),âœ… NORMAL LOAD - 32 req/s,False,False
128,30.421407713174645,2,28.252844627904786,22.450168663757957,70.84973883321406,0.004541606,0.018420516,HOLD,In cooldown (3s remaining),âœ… NORMAL LOAD - 30 req/s,False,False
129,38.43783490134392,2,33.06270094080635,26.25797157813836,75.7891358475413,0.003479459,0.013190328,HOLD,In cooldown (2s remaining),âœ… NORMAL LOAD - 38 req/s,False,False
130,28.83461999824597,2,27.30077199894758,21.696444499166837,69.64041558829454,0.0054802047,0.014952583,HOLD,In cooldown (1s remaining),ðŸ’¤ LOW LOAD - 29 req/s,False,False
131,34.240005164683694,2,30.544003098810215,24.264002453224755,73.29258297469391,0.003882003,0.0075055035,HOLD,In cooldown (0s remaining),âœ… NORMAL LOAD - 34 req/s,False,False
132,33.664711911918594,2,30.198827147151157,23.99073815816133,76.18395700745698,0.0050662486,0.01144961,HOLD,"Holding: prob_30s=0.01, prob_60s=0.01, CPU=30.5%",âœ… NORMAL LOAD - 34 req/s,False,False
133,26.664500643924217,2,25.99870038635453,20.665637805864,72.43104128773119,0.00800869,0.009286509,HOLD,"Holding: prob_30s=0.01, prob_60s=0.01, CPU=30.2%",ðŸ’¤ LOW LOAD - 27 req/s,False,False
134,24.15795925567549,2,24.494775553405294,19.47503064644586,72.8479366236555,0.009614186,0.021799462,SCALE_DOWN,Low spike probability (0.01) + Low CPU (26.0%) [HIT MIN LIMIT],ðŸ’¤ LOW LOAD - 24 req/s,False,False
135,28.301543217218203,2,26.980925930330923,21.443233028178646,72.30704068845259,0.0063490784,0.02327543,HOLD,In cooldown (9s remaining),ðŸ’¤ LOW LOAD - 28 req/s,False,False
136,23.37276985970457,2,24.023661915822743,19.10206568335967,68.07133154678093,0.017707238,0.037518553,HOLD,In cooldown (8s remaining),ðŸ’¤ LOW LOAD - 23 req/s,False,False
137,29.859547873537696,2,27.915728724122616,22.183285239930406,69.26966923423032,0.006316935,0.018568484,HOLD,In cooldown (7s remaining),ðŸ’¤ LOW LOAD - 30 req/s,False,False
138,26.18800163310386,2,25.712800979862315,20.439300775724334,72.59892121445407,0.00804496,0.01471662,HOLD,In cooldown (6s remaining),ðŸ’¤ LOW LOAD - 26 req/s,False,False
139,21.567768158197467,2,22.94066089491848,18.2446898751438,67.82714430978058,0.024611874,0.046707198,HOLD,In cooldown (5s remaining),ðŸ’¤ LOW LOAD - 22 req/s,False,False
140,34.423463835317015,2,30.654078301190207,24.351145321775583,73.34697403854213,0.005297752,0.013201169,HOLD,In cooldown (4s remaining),âœ… NORMAL LOAD - 34 req/s,False,False
141,26.574615978394128,2,25.944769587036475,20.62294258973721,69.06179431808454,0.0068612495,0.00972448,HOLD,In cooldown (3s remaining),ðŸ’¤ LOW LOAD - 27 req/s,False,False
142,22.11295367987962,2,23.26777220792777,18.50365299794282,68.42418624773619,0.013717777,0.031172957,HOLD,In cooldown (2s remaining),ðŸ’¤ LOW LOAD - 22 req/s,False,False
143,27.15633843819069,2,26.293803062914414,20.899260758140578,67.42982147224176,0.009364238,0.009011618,HOLD,In cooldown (1s remaining),ðŸ’¤ LOW LOAD - 27 req/s,False,False
144,29.051150120933773,2,27.430690072560264,21.79929630744354,68.56771837192059,0.006472419,0.009024172,HOLD,In cooldown (0s remaining),ðŸ’¤ LOW LOAD - 29 req/s,False,False
145,34.490099019192456,2,30.69405941151547,24.382797034116415,70.22451300260121,0.0062154434,0.0072646895,SCALE_DOWN,Low spike probability (0.01) + Low CPU (27.4%) [HIT MIN LIMIT],âœ… NORMAL LOAD - 34 req/s,False,False
146,20.74153702674281,2,22.444922216045686,17.852230087702836,66.44030984639974,0.072288476,0.026057811,HOLD,In cooldown (9s remaining),ðŸ’¤ LOW LOAD - 21 req/s,False,False
147,34.2569976404981,2,30.55419858429886,24.272073879236597,70.50047447473031,0.0041497145,0.0076234755,HOLD,In cooldown (8s remaining),âœ… NORMAL LOAD - 34 req/s,False,False
148,31.65643931934016,2,28.993863591604093,23.036808676686576,72.92492816196814,0.0038925335,0.007680372,HOLD,In cooldown (7s remaining),âœ… NORMAL LOAD - 32 req/s,False,False
149,28.005450052323475,2,26.803270031394085,21.30258877485365,74.5422481921116,0.0044545247,0.006807357,HOLD,In cooldown (6s remaining),ðŸ’¤ LOW LOAD - 28 req/s,False,False
150,33.49345523940453,2,30.09607314364272,23.909391238717152,71.7586470421504,0.004394274,0.009877215,HOLD,In cooldown (5s remaining),âœ… NORMAL LOAD - 33 req/s,False,False
151,29.284754747768478,2,27.570852848661087,21.910258505190026,74.57343244547903,0.0059728627,0.020761883,HOLD,In cooldown (4s remaining),ðŸ’¤ LOW LOAD - 29 req/s,False,False
152,29.52674702933388,2,27.716048217600328,22.02520483893359,72.71695060928134,0.008835547,0.012302206,HOLD,In cooldown (3s remaining),ðŸ’¤ LOW LOAD - 30 req/s,False,False
153,31.90788346540372,2,29.144730079242233,23.156244646066767,72.84980829970878,0.0061536515,0.016826777,HOLD,In cooldown (2s remaining),âœ… NORMAL LOAD - 32 req/s,False,False
154,35.3488930302981,2,31.20933581817886,24.790724189391597,74.54512880350057,0.004574533,0.013022144,HOLD,In cooldown (1s remaining),âœ… NORMAL LOAD - 35 req/s,False,False
155,26.5885846629258,2,25.95315079775548,20.629577714889756,70.7148691750865,0.008364322,0.0128546925,HOLD,In cooldown (0s remaining),ðŸ’¤ LOW LOAD - 27 req/s,False,False
156,36.66722012608796,2,32.00033207565278,25.41692955989178,75.54402748728407,0.0038604543,0.010767641,SCALE_DOWN,Low spike probability (0.00) + Low CPU (26.0%) [HIT MIN LIMIT],âœ… NORMAL LOAD - 37 req/s,False,False
157,21.740336686781163,2,23.044202012068695,18.32665992622105,63.16745962491115,0.033786915,0.070964254,HOLD,In cooldown (9s remaining),ðŸ’¤ LOW LOAD - 22 req/s,False,False
158,34.811288160494335,2,30.886772896296602,24.53536187623481,76.01333261656242,0.0050485483,0.0151191,HOLD,In cooldown (8s remaining),âœ… NORMAL LOAD - 35 req/s,False,False
159,23.079018393763125,2,23.847411036257874,18.962533737037482,71.05886676781982,0.011830015,0.012547053,HOLD,In cooldown (7s remaining),ðŸ’¤ LOW LOAD - 23 req/s,False,False
160,31.795544186292407,2,29.077326511775443,23.102883488488892,71.20658724552,0.0067509855,0.011019987,HOLD,In cooldown (6s remaining),âœ… NORMAL LOAD - 32 req/s,False,False
161,29.97463846617169,2,27.984783079703014,22.23795327143155,70.86484188432772,0.0041031293,0.009924079,HOLD,In cooldown (5s remaining),ðŸ’¤ LOW LOAD - 30 req/s,False,False
162,31.24094201138113,2,28.74456520682868,22.839447455406038,73.24635503625863,0.0061432985,0.009187576,HOLD,In cooldown (4s remaining),âœ… NORMAL LOAD - 31 req/s,False,False
163,27.934816735110587,2,26.76089004106635,21.26903794917753,70.6559476972864,0.0063750925,0.009628622,HOLD,In cooldown (3s remaining),ðŸ’¤ LOW LOAD - 28 req/s,False,False
164,26.64081522333327,2,25.98448913399996,20.654387231083305,75.645141574908,0.007504619,0.009890883,HOLD,In cooldown (2s remaining),ðŸ’¤ LOW LOAD - 27 req/s,False,False
165,27.069412015322083,2,26.24164720919325,20.85797070727799,73.683408363315,0.0063333646,0.006915329,HOLD,In cooldown (1s remaining),ðŸ’¤ LOW LOAD - 27 req/s,False,False
166,38.3853461689412,2,33.03120770136472,26.233039430247068,75.2072875493336,0.0052332534,0.0109860515,HOLD,In cooldown (0s remaining),âœ… NORMAL LOAD - 38 req/s,False,False
167,26.44350390508356,2,25.866102343050137,20.560664354914692,71.4019470642968,0.010744393,0.01675049,HOLD,"Holding: prob_30s=0.01, prob_60s=0.02, CPU=33.0%",ðŸ’¤ LOW LOAD - 26 req/s,False,False
168,31.89576044453593,2,29.137456266721557,23.150486211154565,70.89774512299931,0.00856258,0.014535744,SCALE_DOWN,Low spike probability (0.01) + Low CPU (25.9%) [HIT MIN LIMIT],âœ… NORMAL LOAD - 32 req/s,False,False
169,25.29924087693276,2,25.179544526159656,20.01713941654306,69.81372690143334,0.008793399,0.013088056,HOLD,In cooldown (9s remaining),ðŸ’¤ LOW LOAD - 25 req/s,False,False
170,26.517346038463284,2,25.91040762307797,20.59573936827006,70.3406817540584,0.008166377,0.017150663,HOLD,In cooldown (8s remaining),ðŸ’¤ LOW LOAD - 27 req/s,False,False
171,27.81360407662678,2,26.68816244597607,21.21146193639772,72.55558846585755,0.0061844443,0.017461658,HOLD,In cooldown (7s remaining),ðŸ’¤ LOW LOAD - 28 req/s,False,False
172,24.424268273100967,2,24.65456096386058,19.601527429722957,69.62650719810408,0.007874169,0.021775944,HOLD,In cooldown (6s remaining),ðŸ’¤ LOW LOAD - 24 req/s,False,False
173,29.915776412070866,2,27.949465847242518,22.20999379573366,72.84042858404536,0.0048546847,0.015708603,HOLD,In cooldown (5s remaining),ðŸ’¤ LOW LOAD - 30 req/s,False,False
174,35.28608961311092,2,31.171653767866548,24.760892566227685,77.9623077523534,0.0045179436,0.01857254,HOLD,In cooldown (4s remaining),âœ… NORMAL LOAD - 35 req/s,False,False
175,30.57049277411392,2,28.342295664468352,22.520984067704113,71.37571475497825,0.006465377,0.020640995,HOLD,In cooldown (3s remaining),âœ… NORMAL LOAD - 31 req/s,False,False
176,36.16198662063075,2,31.697191972378448,25.176943644799604,73.35460701447741,0.0049889497,0.0069094663,HOLD,In cooldown (2s remaining),âœ… NORMAL LOAD - 36 req/s,False,False
177,29.137785290392248,2,27.48267117423535,21.840448012936317,71.2046654557988,0.0069876765,0.020903034,HOLD,In cooldown (1s remaining),ðŸ’¤ LOW LOAD - 29 req/s,False,False
178,32.72744517547574,2,29.63646710528544,23.545536458350973,73.92786673914954,0.00881295,0.014679336,HOLD,In cooldown (0s remaining),âœ… NORMAL LOAD - 33 req/s,False,False
179,27.247881766210124,2,26.348729059726075,20.94274383894981,71.8800799633697,0.007661686,0.014779275,SCALE_DOWN,Low spike probability (0.01) + Low CPU (29.6%) [HIT MIN LIMIT],ðŸ’¤ LOW LOAD - 27 req/s,False,False
180,31.1036019654484,2,28.66216117926904,22.774210933587987,70.36350811077604,0.008480057,0.01972952,HOLD,In cooldown (9s remaining),âœ… NORMAL LOAD - 31 req/s,False,False
181,40.703380625424245,2,34.42202837525454,27.334105797076514,78.07621491268559,0.0018239002,0.004318412,HOLD,In cooldown (8s remaining),âœ… NORMAL LOAD - 41 req/s,False,False
182,29.82801618484222,2,27.89680971090533,22.168307687800052,70.37086544652438,0.006597852,0.010152398,HOLD,In cooldown (7s remaining),ðŸ’¤ LOW LOAD - 30 req/s,False,False
183,27.70932664581476,2,26.625595987488854,21.16193015676201,70.35774511334866,0.006408817,0.0060044606,HOLD,In cooldown (6s remaining),ðŸ’¤ LOW LOAD - 28 req/s,False,False
184,25.673801503038227,2,25.404280901822936,20.195055713943155,69.1845183933799,0.0075906496,0.010094817,HOLD,In cooldown (5s remaining),ðŸ’¤ LOW LOAD - 26 req/s,False,False
185,40.16303274246796,2,34.097819645480776,27.077440552672282,78.46691083965929,0.0041874126,0.005742588,HOLD,In cooldown (4s remaining),âœ… NORMAL LOAD - 40 req/s,False,False
186,40.11833613199165,2,34.07100167919499,27.05620966269603,79.07303948311149,0.0056400145,0.013482005,HOLD,In cooldown (3s remaining),âœ… NORMAL LOAD - 40 req/s,False,False
187,32.541011609221734,2,29.52460696553304,23.456980514380323,74.99387489861815,0.0046362444,0.0055974447,HOLD,In cooldown (2s remaining),âœ… NORMAL LOAD - 33 req/s,False,False
188,27.456843061169096,2,26.474105836701458,21.04200045405532,71.7660546838026,0.0060048536,0.006084298,HOLD,In cooldown (1s remaining),ðŸ’¤ LOW LOAD - 27 req/s,False,False
189,34.64640313513143,2,30.787841881078858,24.45704148918743,75.07382133736053,0.0043983003,0.010065497,HOLD,In cooldown (0s remaining),âœ… NORMAL LOAD - 35 req/s,False,False
190,33.02780390392219,2,29.816682342353314,23.688206854363038,73.19762626800352,0.0040844157,0.0047092377,HOLD,"Holding: prob_30s=0.00, prob_60s=0.00, CPU=30.8%",âœ… NORMAL LOAD - 33 req/s,False,False
191,32.52059664836892,2,29.512357989021353,23.447283407975238,73.66170380836556,0.006327396,0.006249534,SCALE_DOWN,Low spike probability (0.01) + Low CPU (29.8%) [HIT MIN LIMIT],âœ… NORMAL LOAD - 33 req/s,False,False
192,27.38672782275622,2,26.432036693653732,21.008695715809203,73.62067850611449,0.007831208,0.0050878585,HOLD,In cooldown (9s remaining),ðŸ’¤ LOW LOAD - 27 req/s,False,False
193,28.671471401768017,2,27.20288284106081,21.61894891583981,68.4917202095242,0.006958212,0.0086247,HOLD,In cooldown (8s remaining),ðŸ’¤ LOW LOAD - 29 req/s,False,False
194,23.698640926067437,2,24.21918455564046,19.256854439882034,68.07500157460646,0.008581813,0.01562437,HOLD,In cooldown (7s remaining),ðŸ’¤ LOW LOAD - 24 req/s,False,False
195,20.0,2,22.0,17.5,69.63762999980827,0.08027473,0.07208074,HOLD,In cooldown (6s remaining),ðŸ’¤ LOW LOAD - 20 req/s,False,False
196,29.562273036906134,2,27.73736382214368,22.042079692530415,71.59656525687444,0.0036042624,0.008591101,HOLD,In cooldown (5s remaining),ðŸ’¤ LOW LOAD - 30 req/s,False,False
197,30.513917146574144,2,28.308350287944485,22.494110644622715,71.72329862221798,0.008838524,0.0073731258,HOLD,In cooldown (4s remaining),âœ… NORMAL LOAD - 31 req/s,False,False
198,33.80512270522345,2,30.28307362313407,24.057433284981137,71.69483865385426,0.0043735695,0.007055596,HOLD,In cooldown (3s remaining),âœ… NORMAL LOAD - 34 req/s,False,False
199,31.390559144076143,2,28.834335486445685,22.910515593436166,75.78269287909187,0.003018364,0.006497562,HOLD,In cooldown (2s remaining),âœ… NORMAL LOAD - 31 req/s,False,False
200,24.014100221633107,2,24.40846013297986,19.406697605275724,71.96150220816283,0.011637891,0.014387514,HOLD,In cooldown (1s remaining),ðŸ’¤ LOW LOAD - 24 req/s,False,False
201,33.052082186541625,2,29.831249311924974,23.69973903860727,71.13352101688496,0.0038149832,0.0067084692,HOLD,In cooldown (0s remaining),âœ… NORMAL LOAD - 33 req/s,False,False
202,35.12772322790706,2,31.076633936744237,24.685668533255853,73.78445096824528,0.0032076722,0.007473525,SCALE_DOWN,Low spike probability (0.00) + Low CPU (29.8%) [HIT MIN LIMIT],âœ… NORMAL LOAD - 35 req/s,False,False
203,40.4628781969411,2,34.27772691816466,27.21986714354702,74.3253726703513,0.0046768235,0.011435241,HOLD,In cooldown (9s remaining),âœ… NORMAL LOAD - 40 req/s,False,False
204,27.76339264316305,2,26.65803558589783,21.18761150550245,73.44405801578128,0.007866782,0.0052104206,HOLD,In cooldown (8s remaining),ðŸ’¤ LOW LOAD - 28 req/s,False,False
205,31.83061134128817,2,29.0983668047729,23.11954038711188,72.69812416044394,0.0060835625,0.0047142264,HOLD,In cooldown (7s remaining),âœ… NORMAL LOAD - 32 req/s,False,False
206,28.896381720539228,2,27.337829032323537,21.725781317256132,72.27785835916549,0.0045341747,0.006762166,HOLD,In cooldown (6s remaining),ðŸ’¤ LOW LOAD - 29 req/s,False,False
207,26.495712413925183,2,25.89742744835511,20.58546339661446,71.7495876314365,0.006840249,0.0062981453,HOLD,In cooldown (5s remaining),ðŸ’¤ LOW LOAD - 26 req/s,False,False
208,33.413408658403846,2,30.048045195042306,23.871369112741824,72.22160539137249,0.0052493415,0.008015056,HOLD,In cooldown (4s remaining),âœ… NORMAL LOAD - 33 req/s,False,False
209,31.249486891074373,2,28.749692134644622,22.843506273260324,73.01619293897664,0.0068782675,0.0076425644,HOLD,In cooldown (3s remaining),âœ… NORMAL LOAD - 31 req/s,False,False
210,36.356673505208974,2,31.814004103125384,25.26941991497426,73.77764491596908,0.003006096,0.0052841175,HOLD,In cooldown (2s remaining),âœ… NORMAL LOAD - 36 req/s,False,False
211,32.97609116732506,2,29.785654700395035,23.6636433044794,76.79766137223713,0.0058858544,0.0057887505,HOLD,In cooldown (1s remaining),âœ… NORMAL LOAD - 33 req/s,False,False
212,29.95092808678185,2,27.97055685206911,22.226690841221377,70.94630095842423,0.005231861,0.008114417,HOLD,In cooldown (0s remaining),ðŸ’¤ LOW LOAD - 30 req/s,False,False
213,33.08084398412344,2,29.848506390474064,23.713400892458633,75.89859971763144,0.005894563,0.006284835,SCALE_DOWN,Low spike probability (0.01) + Low CPU (28.0%) [HIT MIN LIMIT],âœ… NORMAL LOAD - 33 req/s,False,False
214,43.64020549812048,2,36.18412329887229,28.729097611607227,80.0166897389855,0.003238356,0.004583542,HOLD,In cooldown (9s remaining),âœ… NORMAL LOAD - 44 req/s,False,False
215,32.94992800033053,2,29.76995680019832,23.651215800157,74.45964683789404,0.005136113,0.0061868364,HOLD,In cooldown (8s remaining),âœ… NORMAL LOAD - 33 req/s,False,False
216,37.130541600164925,2,32.278324960098956,25.637007260078338,76.54790175777387,0.0028961308,0.0047772555,HOLD,In cooldown (7s remaining),âœ… NORMAL LOAD - 37 req/s,False,False
217,23.803039370726744,2,24.281823622436043,19.306443701095205,71.47458025745878,0.008404739,0.009188314,HOLD,In cooldown (6s remaining),ðŸ’¤ LOW LOAD - 24 req/s,False,False
218,30.115627651366196,2,28.06937659081972,22.30492313439894,74.70978671645169,0.004537202,0.0054452317,HOLD,In cooldown (5s remaining),âœ… NORMAL LOAD - 30 req/s,False,False
219,26.576438336556677,2,25.945863001934008,20.62380820986442,71.7453665016579,0.007755882,0.006674082,HOLD,In cooldown (4s remaining),ðŸ’¤ LOW LOAD - 27 req/s,False,False
220,34.812950340153115,2,30.88777020409187,24.536151411572728,74.89583729488545,0.004777194,0.0076448172,HOLD,In cooldown (3s remaining),âœ… NORMAL LOAD - 35 req/s,False,False
221,25.43062558999341,2,25.258375353996044,20.07954715524687,66.48742453473758,0.007279116,0.008723862,HOLD,In cooldown (2s remaining),ðŸ’¤ LOW LOAD - 25 req/s,False,False
222,33.58738796145307,2,30.15243277687184,23.954009281690205,74.72026567397353,0.004767069,0.007144223,HOLD,In cooldown (1s remaining),âœ… NORMAL LOAD - 34 req/s,False,False
223,26.255960212592576,2,25.753576127555547,20.471581100981474,71.0619117771529,0.008031756,0.00816518,HOLD,In cooldown (0s remaining),ðŸ’¤ LOW LOAD - 26 req/s,False,False
224,22.10167917229058,2,23.261007503374348,18.498297606838026,65.66432654469527,0.02407046,0.01845662,SCALE_DOWN,Low spike probability (0.02) + Low CPU (25.8%) [HIT MIN LIMIT],ðŸ’¤ LOW LOAD - 22 req/s,False,False
225,30.29111536331232,2,28.17466921798739,22.38827979757335,73.00021207628176,0.0036122203,0.0070488844,HOLD,In cooldown (9s remaining),âœ… NORMAL LOAD - 30 req/s,False,False
226,23.227095265312546,2,23.936257159187527,19.03287025102346,70.23931524112675,0.011160988,0.016542282,HOLD,In cooldown (8s remaining),ðŸ’¤ LOW LOAD - 23 req/s,False,False
227,36.144190934899406,2,31.686514560939642,25.168490694077217,75.50005363381283,0.0048051625,0.0063853916,HOLD,In cooldown (7s remaining),âœ… NORMAL LOAD - 36 req/s,False,False
228,22.974922922212105,2,23.784953753327265,18.91308838805075,68.31632170100045,0.015981888,0.016557539,HOLD,In cooldown (6s remaining),ðŸ’¤ LOW LOAD - 23 req/s,False,False
229,33.400249524605016,2,30.040149714763007,23.86511852418738,76.71427774582894,0.0062727556,0.007398635,HOLD,In cooldown (5s remaining),âœ… NORMAL LOAD - 33 req/s,False,False
230,30.3388251262174,2,28.20329507573044,22.410941934953264,74.9634916196401,0.005358239,0.008177066,HOLD,In cooldown (4s remaining),âœ… NORMAL LOAD - 30 req/s,False,False
231,32.27176278077443,2,29.36305766846466,23.329087320867856,76.86312363462682,0.0032573259,0.005167052,HOLD,In cooldown (3s remaining),âœ… NORMAL LOAD - 32 req/s,False,False
232,26.92195080108525,2,26.15317048065115,20.787926630515493,70.54734219264856,0.009718136,0.008893604,HOLD,In cooldown (2s remaining),ðŸ’¤ LOW LOAD - 27 req/s,False,False
233,35.233950775545814,2,31.14037046532749,24.73612661838426,75.47501223914114,0.0047236993,0.0058382666,HOLD,In cooldown (1s remaining),âœ… NORMAL LOAD - 35 req/s,False,False
234,28.196288243697133,2,26.917772946218278,21.393236915756138,70.13506925797553,0.008026427,0.0060216608,HOLD,In cooldown (0s remaining),ðŸ’¤ LOW LOAD - 28 req/s,False,False
235,35.38568010861286,2,31.231408065167717,24.80819805159111,79.5957421914189,0.0045863865,0.007179601,SCALE_DOWN,Low spike probability (0.00) + Low CPU (26.9%) [HIT MIN LIMIT],âœ… NORMAL LOAD - 35 req/s,False,False
236,30.69447401045408,2,28.41668440627245,22.579875154965688,72.72457910427697,0.0051201866,0.006460793,HOLD,In cooldown (9s remaining),âœ… NORMAL LOAD - 31 req/s,False,False
237,29.8697927757683,2,27.92187566546098,22.188151568489943,74.32575133132899,0.0057140263,0.006326685,HOLD,In cooldown (8s remaining),ðŸ’¤ LOW LOAD - 30 req/s,False,False
238,29.95433409654294,2,27.972600457925765,22.228308695857898,71.91581702984931,0.007530997,0.008082644,HOLD,In cooldown (7s remaining),ðŸ’¤ LOW LOAD - 30 req/s,False,False
239,33.85790386282324,2,30.314742317693945,24.08250433484104,73.26086504129607,0.012450469,0.009953287,HOLD,In cooldown (6s remaining),âœ… NORMAL LOAD - 34 req/s,False,False
240,25.70155147839813,2,25.420930887038878,20.208236952239112,69.93331671844308,0.0076269684,0.0063177794,HOLD,In cooldown (5s remaining),ðŸ’¤ LOW LOAD - 26 req/s,False,False
241,29.4466468530697,2,27.66798811184182,21.987157255208107,69.77951864622165,0.0077864025,0.008021633,HOLD,In cooldown (4s remaining),ðŸ’¤ LOW LOAD - 29 req/s,False,False
242,26.148812970613804,2,25.689287782368282,20.42068616104156,72.20954240588465,0.008659163,0.011057926,HOLD,In cooldown (3s remaining),ðŸ’¤ LOW LOAD - 26 req/s,False,False
243,22.345939913179613,2,23.407563947907768,18.614321458760315,68.32246754362289,0.017516153,0.03381895,HOLD,In cooldown (2s remaining),ðŸ’¤ LOW LOAD - 22 req/s,False,False
244,31.28767759479993,2,28.772606556879957,22.861646857529966,70.05701390322506,0.004917326,0.021269899,HOLD,In cooldown (1s remaining),âœ… NORMAL LOAD - 31 req/s,False,False
245,31.445091788326422,2,28.867055072995853,22.936418599455052,74.94866977918367,0.011381206,0.015972022,HOLD,In cooldown (0s remaining),âœ… NORMAL LOAD - 31 req/s,False,False
246,30.194173823298414,2,28.116504293979048,22.34223256606675,70.5877727614806,0.0036260844,0.01754739,SCALE_DOWN,Low spike probability (0.00) + Low CPU (28.9%) [HIT MIN LIMIT],âœ… NORMAL LOAD - 30 req/s,False,False
247,20.0,2,22.0,17.5,66.62556355130991,0.05323832,0.101181194,HOLD,In cooldown (9s remaining),ðŸ’¤ LOW LOAD - 20 req/s,False,False
248,22.13114392656618,2,23.278686355939705,18.512293365118936,66.01455496746381,0.015405757,0.0139211,HOLD,In cooldown (8s remaining),ðŸ’¤ LOW LOAD - 22 req/s,False,False
249,23.657644313170707,2,24.19458658790242,19.237381048756085,67.21132441026313,0.007719578,0.009864777,HOLD,In cooldown (7s remaining),ðŸ’¤ LOW LOAD - 24 req/s,False,False
250,35.904319674797925,2,31.542591804878754,25.054551845529012,76.23170684417434,0.0028031627,0.0078348145,HOLD,In cooldown (6s remaining),âœ… NORMAL LOAD - 36 req/s,False,False
251,25.845189064970867,2,25.507113438982522,20.27646480586116,66.86613623459131,0.009448528,0.0074274307,HOLD,In cooldown (5s remaining),ðŸ’¤ LOW LOAD - 26 req/s,False,False
252,24.4071504519508,2,24.644290271170476,19.59339646467663,68.43534990896553,0.0087403385,0.0073483307,HOLD,In cooldown (4s remaining),ðŸ’¤ LOW LOAD - 24 req/s,False,False
253,41.45906915654953,2,34.87544149392971,27.693057849361026,76.05416435127165,0.0017121751,0.0042324234,HOLD,In cooldown (3s remaining),âœ… NORMAL LOAD - 41 req/s,False,False
254,29.077515696023696,2,27.446509417614216,21.811819955611256,75.564064970348,0.005578748,0.019437945,HOLD,In cooldown (2s remaining),ðŸ’¤ LOW LOAD - 29 req/s,False,False
255,33.94924393514449,2,30.36954636108669,24.12589086919363,74.21617850079417,0.0054631154,0.014996043,HOLD,In cooldown (1s remaining),âœ… NORMAL LOAD - 34 req/s,False,False
256,21.65467712836761,2,22.992806277020563,18.28597163597461,67.69793469457609,0.024096541,0.03607309,HOLD,In cooldown (0s remaining),ðŸ’¤ LOW LOAD - 22 req/s,False,False
257,24.91001986364337,2,24.946011918186024,19.8322594352306,69.15643229950395,0.01244633,0.011556935,SCALE_DOWN,Low spike probability (0.01) + Low CPU (23.0%) [HIT MIN LIMIT],ðŸ’¤ LOW LOAD - 25 req/s,False,False
258,21.637742354059974,2,22.982645412435986,18.277927618178488,66.9652962713129,0.039005455,0.01985103,HOLD,In cooldown (9s remaining),ðŸ’¤ LOW LOAD - 22 req/s,False,False
259,21.31035323485525,2,22.786211940913148,18.12241778655624,67.64627693661936,0.023887929,0.02402242,HOLD,In cooldown (8s remaining),ðŸ’¤ LOW LOAD - 21 req/s,False,False
260,22.322205718261007,2,23.393323430956606,18.603047716173975,67.57380189317473,0.018669624,0.014164773,HOLD,In cooldown (7s remaining),ðŸ’¤ LOW LOAD - 22 req/s,False,False
261,37.20261655091426,2,32.32156993054855,25.67124286168427,75.62658977105188,0.003905155,0.0065844734,HOLD,In cooldown (6s remaining),âœ… NORMAL LOAD - 37 req/s,False,False
262,33.91108750508395,2,30.346652503050368,24.107766564914876,74.62955730743377,0.0044686263,0.009387135,HOLD,In cooldown (5s remaining),âœ… NORMAL LOAD - 34 req/s,False,False
263,26.194916265836664,2,25.716949759501997,20.442585226272413,70.88902429369197,0.008726827,0.0038060525,HOLD,In cooldown (4s remaining),ðŸ’¤ LOW LOAD - 26 req/s,False,False
264,39.58630232060205,2,33.75178139236123,26.803493602285975,77.2178329822814,0.0059606307,0.0071665877,HOLD,In cooldown (3s remaining),âœ… NORMAL LOAD - 40 req/s,False,False
265,28.0606133126686,2,26.83636798760116,21.328791323517585,73.53728442523766,0.0052962424,0.009417482,HOLD,In cooldown (2s remaining),ðŸ’¤ LOW LOAD - 28 req/s,False,False
266,21.97729233998085,2,23.186375403988507,18.439213861490902,68.93418670325728,0.027739234,0.018232401,HOLD,In cooldown (1s remaining),ðŸ’¤ LOW LOAD - 22 req/s,False,False
267,20.0,2,22.0,17.5,72.85799823660557,0.052417602,0.041936234,HOLD,In cooldown (0s remaining),ðŸ’¤ LOW LOAD - 20 req/s,False,False
268,22.02875661198776,2,23.217253967192654,18.463659390694186,69.21750241594577,0.013693902,0.010276281,SCALE_DOWN,Low spike probability (0.01) + Low CPU (22.0%) [HIT MIN LIMIT],ðŸ’¤ LOW LOAD - 22 req/s,False,False
269,35.45834649914212,2,31.27500789948527,24.842714587092505,72.11353091963679,0.0028723285,0.0063652806,HOLD,In cooldown (9s remaining),âœ… NORMAL LOAD - 35 req/s,False,False
270,31.688294232264237,2,29.01297653935854,23.05193976032551,77.37876223460063,0.0028924097,0.007875678,HOLD,In cooldown (8s remaining),âœ… NORMAL LOAD - 32 req/s,False,False
271,30.08663958475152,2,28.051983750850912,22.291153802756973,73.23091888737785,0.003693532,0.007526604,HOLD,In cooldown (7s remaining),âœ… NORMAL LOAD - 30 req/s,False,False
272,32.14763236967969,2,29.288579421807814,23.27012537559785,74.47235563434707,0.0032818129,0.010035764,HOLD,In cooldown (6s remaining),âœ… NORMAL LOAD - 32 req/s,False,False
273,25.547338633801964,2,25.328403180281178,20.13498585105593,70.68611402352376,0.007748128,0.0078006242,HOLD,In cooldown (5s remaining),ðŸ’¤ LOW LOAD - 26 req/s,False,False
274,21.921398952576027,2,23.152839371545618,18.41266450247361,63.06149309859152,0.025338717,0.020894209,HOLD,In cooldown (4s remaining),ðŸ’¤ LOW LOAD - 22 req/s,False,False
275,30.20388008848713,2,28.122328053092275,22.346843042031388,75.2293435268269,0.003740572,0.006567244,HOLD,In cooldown (3s remaining),âœ… NORMAL LOAD - 30 req/s,False,False
276,34.24485193140384,2,30.546911158842306,24.266304667416826,74.28453580448166,0.0039760317,0.010349083,HOLD,In cooldown (2s remaining),âœ… NORMAL LOAD - 34 req/s,False,False
277,34.78505457474358,2,30.87103274484615,24.522900923003203,73.87041082247134,0.0028653243,0.008636532,HOLD,In cooldown (1s remaining),âœ… NORMAL LOAD - 35 req/s,False,False
278,29.93569179616125,2,27.96141507769675,22.219453603176593,74.67556189282051,0.005761391,0.012007118,HOLD,In cooldown (0s remaining),ðŸ’¤ LOW LOAD - 30 req/s,False,False
279,39.97191825583725,2,33.983150953502346,26.986661171522695,80.61547981839018,0.006266425,0.0149738025,SCALE_DOWN,Low spike probability (0.01) + Low CPU (28.0%) [HIT MIN LIMIT],âœ… NORMAL LOAD - 40 req/s,False,False
280,43.00178681890718,2,35.80107209134431,28.425848738980907,78.18419480450405,0.0051454976,0.006521183,HOLD,In cooldown (9s remaining),âœ… NORMAL LOAD - 43 req/s,False,False
281,28.375293670721383,2,27.025176202432828,21.478264493592654,73.81354225831413,0.0067529962,0.012672614,HOLD,In cooldown (8s remaining),ðŸ’¤ LOW LOAD - 28 req/s,False,False
282,32.07475367982552,2,29.24485220789531,23.23550799791712,75.2664737857835,0.005989981,0.011357848,HOLD,In cooldown (7s remaining),âœ… NORMAL LOAD - 32 req/s,False,False
283,24.984472092405447,2,24.990683255443265,19.867624243892585,70.4849503085637,0.008424569,0.012608667,HOLD,In cooldown (6s remaining),ðŸ’¤ LOW LOAD - 25 req/s,False,False
284,30.672596317857508,2,28.403557790714505,22.569483250982316,71.11977967730434,0.007851787,0.02034827,HOLD,In cooldown (5s remaining),âœ… NORMAL LOAD - 31 req/s,False,False
285,28.62767589571155,2,27.17660553742693,21.598146050462987,73.38881136709264,0.0050536743,0.0089824945,HOLD,In cooldown (4s remaining),ðŸ’¤ LOW LOAD - 29 req/s,False,False
286,25.84689616658458,2,25.508137699950744,20.277275679127676,68.35259502546798,0.0067469385,0.012049146,HOLD,In cooldown (3s remaining),ðŸ’¤ LOW LOAD - 26 req/s,False,False
287,30.85050407123995,2,28.51030244274397,22.653989433838973,71.55311498192022,0.005138068,0.018907264,HOLD,In cooldown (2s remaining),âœ… NORMAL LOAD - 31 req/s,False,False
288,26.303967983837637,2,25.782380790302582,20.494384792322876,70.09163860219464,0.008046822,0.009780486,HOLD,In cooldown (1s remaining),ðŸ’¤ LOW LOAD - 26 req/s,False,False
289,34.52369766795335,2,30.71421860077201,24.39875639227784,74.02135372057059,0.0036708154,0.016003199,HOLD,In cooldown (0s remaining),âœ… NORMAL LOAD - 35 req/s,False,False
290,29.834454035735394,2,27.900672421441236,22.17136566697431,70.10236136247781,0.0061779236,0.007854518,HOLD,"Holding: prob_30s=0.01, prob_60s=0.01, CPU=30.7%",ðŸ’¤ LOW LOAD - 30 req/s,False,False
291,25.693771667093035,2,25.41626300025582,20.20454154186919,66.35959196445114,0.00711018,0.010661143,SCALE_DOWN,Low spike probability (0.01) + Low CPU (27.9%) [HIT MIN LIMIT],ðŸ’¤ LOW LOAD - 26 req/s,False,False
292,24.28969822622486,2,24.573818935734916,19.537606657456806,66.35515932877819,0.010529339,0.021896182,HOLD,In cooldown (9s remaining),ðŸ’¤ LOW LOAD - 24 req/s,False,False
293,22.986687232486883,2,23.792012339492132,18.91867643543127,66.83355049998308,0.035779286,0.035535417,HOLD,In cooldown (8s remaining),ðŸ’¤ LOW LOAD - 23 req/s,False,False
294,31.52694827149584,2,28.916168962897505,22.975300428960523,70.52593405381518,0.0076962663,0.014578852,HOLD,In cooldown (7s remaining),âœ… NORMAL LOAD - 32 req/s,False,False
295,32.356964357576224,2,29.414178614545733,23.369558069848708,71.85411506973362,0.004813794,0.012207041,HOLD,In cooldown (6s remaining),âœ… NORMAL LOAD - 32 req/s,False,False
296,31.587298319108708,2,28.952378991465224,23.003966701576637,72.91789314345813,0.0042080246,0.016942315,HOLD,In cooldown (5s remaining),âœ… NORMAL LOAD - 32 req/s,False,False
297,32.90278352019105,2,29.74167011211463,23.62882217209075,76.25540068806353,0.003697447,0.0073852283,HOLD,In cooldown (4s remaining),âœ… NORMAL LOAD - 33 req/s,False,False
298,31.690986055137486,2,29.014591633082492,23.053218376190305,77.4829539167388,0.0068460368,0.008159714,HOLD,In cooldown (3s remaining),âœ… NORMAL LOAD - 32 req/s,False,False
299,23.963132805356253,2,24.37787968321375,19.38248808254422,70.4055835609772,0.012677292,0.025617376,HOLD,In cooldown (2s remaining),ðŸ’¤ LOW LOAD - 24 req/s,False,False
300,36.31530466567772,2,31.789182799406632,25.249769716196916,77.53683073349639,0.004133397,0.0056727394,HOLD,In cooldown (1s remaining),âœ… NORMAL LOAD - 36 req/s,False,False
301,25.641977572361363,2,25.385186543416815,20.17993934687165,74.20995738623364,0.008635291,0.007200667,HOLD,In cooldown (0s remaining),ðŸ’¤ LOW LOAD - 26 req/s,False,False
302,28.733802673181543,2,27.240281603908926,21.648556269761233,69.01000934402902,0.006180073,0.016456416,SCALE_DOWN,Low spike probability (0.01) + Low CPU (25.4%) [HIT MIN LIMIT],ðŸ’¤ LOW LOAD - 29 req/s,False,False
303,21.402187945850585,2,22.841312767510352,18.16603927427903,68.26554051922376,0.043274302,0.058951553,HOLD,In cooldown (9s remaining),ðŸ’¤ LOW LOAD - 21 req/s,False,False
304,32.738760158202766,2,29.643256094921657,23.550911075146313,71.54199902893866,0.008290967,0.0074025514,HOLD,In cooldown (8s remaining),âœ… NORMAL LOAD - 33 req/s,False,False
305,34.59908610678152,2,30.759451664068912,24.43456590072122,74.71997661932753,0.0029005944,0.008367427,HOLD,In cooldown (7s remaining),âœ… NORMAL LOAD - 35 req/s,False,False
306,32.89917205589956,2,29.739503233539736,23.62710672655229,72.97455455679486,0.005089039,0.0072217747,HOLD,In cooldown (6s remaining),âœ… NORMAL LOAD - 33 req/s,False,False
307,22.175444765458057,2,23.305266859274834,18.533336263592574,67.86331275788768,0.019484464,0.02748365,HOLD,In cooldown (5s remaining),ðŸ’¤ LOW LOAD - 22 req/s,False,False
308,25.44352913205349,2,25.266117479232094,20.08567633772541,68.23103633269373,0.007397547,0.01055141,HOLD,In cooldown (4s remaining),ðŸ’¤ LOW LOAD - 25 req/s,False,False
309,30.857069798230157,2,28.514241878938094,22.657108154159324,75.01765162437464,0.00830815,0.029328873,HOLD,In cooldown (3s remaining),âœ… NORMAL LOAD - 31 req/s,False,False
310,28.582200612414184,2,27.14932036744851,21.57654529089674,69.6119395925229,0.0053580585,0.010760086,HOLD,In cooldown (2s remaining),ðŸ’¤ LOW LOAD - 29 req/s,False,False
311,21.78606492037592,2,23.071638952225552,18.34838083717856,68.38597949790052,0.02817821,0.027069,HOLD,In cooldown (1s remaining),ðŸ’¤ LOW LOAD - 22 req/s,False,False
312,28.13034099939516,2,26.878204599637094,21.361911974712697,74.5871361605648,0.005521975,0.008997709,HOLD,In cooldown (0s remaining),ðŸ’¤ LOW LOAD - 28 req/s,False,False
313,29.657853503325924,2,27.794712101995554,22.087480414079813,68.83962357854124,0.004777321,0.009471682,SCALE_DOWN,Low spike probability (0.00) + Low CPU (26.9%) [HIT MIN LIMIT],ðŸ’¤ LOW LOAD - 30 req/s,False,False
314,29.315060589864064,2,27.589036353918438,21.92465378018543,70.44953503324905,0.0078099566,0.008475328,HOLD,In cooldown (9s remaining),ðŸ’¤ LOW LOAD - 29 req/s,False,False
315,32.29678043031185,2,29.37806825818711,23.340970704398128,71.09933506757024,0.0039524795,0.007922756,HOLD,In cooldown (8s remaining),âœ… NORMAL LOAD - 32 req/s,False,False
316,34.64386743627836,2,30.786320461767016,24.45583703223222,71.37146193657443,0.0041015046,0.009914564,HOLD,In cooldown (7s remaining),âœ… NORMAL LOAD - 35 req/s,False,False
317,35.65241142508334,2,31.391446855050006,24.934895426914586,75.05516183081505,0.0052108257,0.02093682,HOLD,In cooldown (6s remaining),âœ… NORMAL LOAD - 36 req/s,False,False
318,37.19677685656029,2,32.31806611393617,25.668469006866136,78.00313262618755,0.0104858205,0.011383604,HOLD,In cooldown (5s remaining),âœ… NORMAL LOAD - 37 req/s,False,False
319,29.7101893065534,2,27.826113583932038,22.112339920612865,71.34889343149219,0.0058097625,0.015880192,HOLD,In cooldown (4s remaining),ðŸ’¤ LOW LOAD - 30 req/s,False,False
320,31.229800424161237,2,28.73788025449674,22.834155201476587,74.03672596176408,0.006142876,0.013584201,HOLD,In cooldown (3s remaining),âœ… NORMAL LOAD - 31 req/s,False,False
321,27.46563634063238,2,26.479381804379425,21.04617726180038,71.84644125436375,0.006490268,0.014102504,HOLD,In cooldown (2s remaining),ðŸ’¤ LOW LOAD - 27 req/s,False,False
322,28.21573902956204,2,26.929443417737225,21.402476039041968,71.74039312486973,0.005041923,0.014177984,HOLD,In cooldown (1s remaining),ðŸ’¤ LOW LOAD - 28 req/s,False,False
323,24.63076704290557,2,24.77846022574334,19.699614345380148,68.88375545433551,0.008899982,0.016849944,HOLD,In cooldown (0s remaining),ðŸ’¤ LOW LOAD - 25 req/s,False,False
324,24.403137878418818,2,24.64188272705129,19.591490492248937,68.64103309938717,0.00814957,0.029416092,SCALE_DOWN,Low spike probability (0.01) + Low CPU (24.8%) [HIT MIN LIMIT],ðŸ’¤ LOW LOAD - 24 req/s,False,False
325,39.41817770278762,2,33.65090662167257,26.72363440882412,76.63454103639089,0.004483142,0.009128855,HOLD,In cooldown (9s remaining),âœ… NORMAL LOAD - 39 req/s,False,False
326,25.016537281948462,2,25.009922369169075,19.88285520892552,73.22825305660089,0.007020117,0.015052304,HOLD,In cooldown (8s remaining),ðŸ’¤ LOW LOAD - 25 req/s,False,False
327,25.62133524263753,2,25.372801145582518,20.17013424025283,71.44620515098104,0.007755287,0.011836416,HOLD,In cooldown (7s remaining),ðŸ’¤ LOW LOAD - 26 req/s,False,False
328,33.24385672642159,2,29.946314035852954,23.790831945050254,75.10769844585074,0.003088993,0.01591099,HOLD,In cooldown (6s remaining),âœ… NORMAL LOAD - 33 req/s,False,False
329,36.91522153395303,2,32.14913292037181,25.534730228627687,78.07305847773905,0.004075768,0.012683077,HOLD,In cooldown (5s remaining),âœ… NORMAL LOAD - 37 req/s,False,False
330,24.97289680966104,2,24.983738085796624,19.862125984588992,69.38707679914748,0.013506692,0.017888974,HOLD,In cooldown (4s remaining),ðŸ’¤ LOW LOAD - 25 req/s,False,False
331,28.57191494302341,2,27.143148965814046,21.57165959793612,69.15778161537833,0.0052659204,0.016850017,HOLD,In cooldown (3s remaining),ðŸ’¤ LOW LOAD - 29 req/s,False,False
332,34.46179350370265,2,30.67707610222159,24.369351914258758,75.96964649927462,0.004922069,0.02596534,HOLD,In cooldown (2s remaining),âœ… NORMAL LOAD - 34 req/s,False,False
333,34.16657973232691,2,30.499947839396146,24.229125372855282,73.31171739480473,0.0039655683,0.006729887,HOLD,In cooldown (1s remaining),âœ… NORMAL LOAD - 34 req/s,False,False
334,30.567452068663705,2,28.340471241198223,22.519539732615257,71.44953956871332,0.0068703666,0.014699524,HOLD,In cooldown (0s remaining),âœ… NORMAL LOAD - 31 req/s,False,False
335,26.853252877655446,2,26.11195172659327,20.755295116886337,71.50401606601403,0.0072653187,0.012164073,SCALE_DOWN,Low spike probability (0.01) + Low CPU (28.3%) [HIT MIN LIMIT],ðŸ’¤ LOW LOAD - 27 req/s,False,False
336,29.167979854069145,2,27.500787912441485,21.854790430682844,76.61342064619916,0.007166384,0.016245773,HOLD,In cooldown (9s remaining),ðŸ’¤ LOW LOAD - 29 req/s,False,False
337,28.88041744547197,2,27.32825046728318,21.718198286599183,69.64641474315275,0.005767007,0.01608584,HOLD,In cooldown (8s remaining),ðŸ’¤ LOW LOAD - 29 req/s,False,False
338,31.72073739097479,2,29.032442434584873,23.067350260713024,73.05000604331418,0.0059258733,0.0074406597,HOLD,In cooldown (7s remaining),âœ… NORMAL LOAD - 32 req/s,False,False
339,29.343226500033545,2,27.605935900020125,21.938032587515934,75.30384652053748,0.008999133,0.02064946,HOLD,In cooldown (6s remaining),ðŸ’¤ LOW LOAD - 29 req/s,False,False
340,34.03426628783658,2,30.420559772701946,24.166276486722374,75.98560327768678,0.0045794686,0.0072155446,HOLD,In cooldown (5s remaining),âœ… NORMAL LOAD - 34 req/s,False,False
341,30.61585804881125,2,28.36951482928675,22.542532573185344,72.638552825409,0.0054356162,0.007682088,HOLD,In cooldown (4s remaining),âœ… NORMAL LOAD - 31 req/s,False,False
342,30.22773442015388,2,28.13664065209233,22.35817384957309,73.94108539217575,0.0063090506,0.0070089544,HOLD,In cooldown (3s remaining),âœ… NORMAL LOAD - 30 req/s,False,False
343,31.28385527850966,2,28.770313167105794,22.859831257292086,73.17869757087188,0.006523176,0.0068383804,HOLD,In cooldown (2s remaining),âœ… NORMAL LOAD - 31 req/s,False,False
344,21.930981225298236,2,23.15858873517894,18.41721608201666,64.12505583695048,0.053973418,0.037454937,HOLD,In cooldown (1s remaining),ðŸ’¤ LOW LOAD - 22 req/s,False,False
345,28.27209299949716,2,26.963255799698295,21.429244174761152,71.41842378015714,0.007606471,0.007902041,HOLD,In cooldown (0s remaining),ðŸ’¤ LOW LOAD - 28 req/s,False,False
346,28.27784646473408,2,26.966707878840445,21.431977070748687,71.17153402223713,0.010164216,0.02391149,SCALE_DOWN,Low spike probability (0.01) + Low CPU (27.0%) [HIT MIN LIMIT],ðŸ’¤ LOW LOAD - 28 req/s,False,False
347,36.07991459586252,2,31.64794875751751,25.137959433034695,72.62862902583696,0.004357199,0.016859964,HOLD,In cooldown (9s remaining),âœ… NORMAL LOAD - 36 req/s,False,False
348,35.9196082387535,2,31.5517649432521,25.06181391340791,77.74309355608419,0.0036396938,0.01292147,HOLD,In cooldown (8s remaining),âœ… NORMAL LOAD - 36 req/s,False,False
349,32.52786118656144,2,29.516716711936862,23.450734063616682,72.83762500958542,0.00581483,0.0075308187,HOLD,In cooldown (7s remaining),âœ… NORMAL LOAD - 33 req/s,False,False
350,29.347525205599503,2,27.6085151233597,21.940074472659763,77.7603632121309,0.0068409257,0.021734627,HOLD,In cooldown (6s remaining),ðŸ’¤ LOW LOAD - 29 req/s,False,False
351,31.328329145909088,2,28.79699748754545,22.880956344306817,72.86793214203735,0.008699912,0.0058253035,HOLD,In cooldown (5s remaining),âœ… NORMAL LOAD - 31 req/s,False,False
352,35.84622963238334,2,31.507737779430006,25.026959075382088,76.78499347795042,0.0035188778,0.0056041656,HOLD,In cooldown (4s remaining),âœ… NORMAL LOAD - 36 req/s,False,False
353,30.2342551722047,2,28.14055310332282,22.361271206797234,71.8852639194004,0.0051783565,0.008159165,HOLD,In cooldown (3s remaining),âœ… NORMAL LOAD - 30 req/s,False,False
354,32.31639217237668,2,29.389835303426008,23.350286281878923,71.31838959066165,0.0054170717,0.006110479,HOLD,In cooldown (2s remaining),âœ… NORMAL LOAD - 32 req/s,False,False
355,21.79971933709007,2,23.079831602254043,18.354866685117784,68.7686477499711,0.03117169,0.052885845,HOLD,In cooldown (1s remaining),ðŸ’¤ LOW LOAD - 22 req/s,False,False
356,20.0,2,22.0,17.5,69.00060803922734,0.1012946,0.09337353,HOLD,In cooldown (0s remaining),ðŸ’¤ LOW LOAD - 20 req/s,False,False
357,24.14374938094607,2,24.48624962856764,19.468280955949382,68.47572150460635,0.0074945213,0.0124796415,SCALE_DOWN,Low spike probability (0.01) + Low CPU (22.0%) [HIT MIN LIMIT],ðŸ’¤ LOW LOAD - 24 req/s,False,False
358,30.51554721340624,2,28.309328328043744,22.494884926367963,71.3593217094903,0.0037674017,0.014344262,HOLD,In cooldown (9s remaining),âœ… NORMAL LOAD - 31 req/s,False,False
359,24.09921703492312,2,24.459530220953873,19.447128091588482,69.58576588857,0.010191285,0.01680955,HOLD,In cooldown (8s remaining),ðŸ’¤ LOW LOAD - 24 req/s,False,False
360,32.22031050044564,2,29.332186300267384,23.304647487711676,76.05501805375779,0.0034365356,0.0104459245,HOLD,In cooldown (7s remaining),âœ… NORMAL LOAD - 32 req/s,False,False
361,29.37020958661941,2,27.622125751971645,21.95084955364422,70.85847732124496,0.0056834836,0.016998548,HOLD,In cooldown (6s remaining),ðŸ’¤ LOW LOAD - 29 req/s,False,False
362,32.832696210098035,2,29.699617726058822,23.595530699796566,74.29104611247027,0.0044454793,0.013222796,HOLD,In cooldown (5s remaining),âœ… NORMAL LOAD - 33 req/s,False,False
363,40.79937896589102,2,34.47962737953461,27.379705008798236,76.16915702399213,0.0031541712,0.012876518,HOLD,In cooldown (4s remaining),âœ… NORMAL LOAD - 41 req/s,False,False
364,34.70108143197696,2,30.820648859186175,24.483013680189053,71.13162610576464,0.0042071375,0.0042384365,HOLD,In cooldown (3s remaining),âœ… NORMAL LOAD - 35 req/s,False,False
365,38.1870331566279,2,32.91221989397674,26.138840749398252,74.78733937885568,0.0044626696,0.0059555047,HOLD,In cooldown (2s remaining),âœ… NORMAL LOAD - 38 req/s,False,False
366,32.681953119587035,2,29.60917187175222,23.52392773180384,74.69830899390077,0.006904613,0.0062174904,HOLD,In cooldown (1s remaining),âœ… NORMAL LOAD - 33 req/s,False,False
367,38.77402030788946,2,33.26441218473367,26.417659646247493,72.2954360953592,0.0066540665,0.004521243,HOLD,In cooldown (0s remaining),âœ… NORMAL LOAD - 39 req/s,False,False
368,26.214311761856365,2,25.72858705711382,20.451798086881773,72.90540075911866,0.0063164774,0.0047552474,HOLD,"Holding: prob_30s=0.01, prob_60s=0.00, CPU=33.3%",ðŸ’¤ LOW LOAD - 26 req/s,False,False
369,37.615363515062384,2,32.56921810903743,25.867297669654633,75.43615356861042,0.0060075694,0.004706152,SCALE_DOWN,Low spike probability (0.01) + Low CPU (25.7%) [HIT MIN LIMIT],âœ… NORMAL LOAD - 38 req/s,False,False
370,31.81308391853192,2,29.08785035111915,23.111214861302663,71.96571308622326,0.0046834135,0.0066082454,HOLD,In cooldown (9s remaining),âœ… NORMAL LOAD - 32 req/s,False,False
371,29.39315004548382,2,27.63589002729029,21.961746271604817,72.57277423081128,0.0070946277,0.0075109513,HOLD,In cooldown (8s remaining),ðŸ’¤ LOW LOAD - 29 req/s,False,False
372,29.696377644214014,2,27.81782658652841,22.105779381001653,72.41094790519797,0.0074918834,0.0071312236,HOLD,In cooldown (7s remaining),ðŸ’¤ LOW LOAD - 30 req/s,False,False
373,31.501411951722798,2,28.90084717103368,22.963170677068327,71.09032869947616,0.0048807464,0.005876075,HOLD,In cooldown (6s remaining),âœ… NORMAL LOAD - 32 req/s,False,False
374,31.25921232949527,2,28.75552739769716,22.84812585651025,71.02526630471372,0.0056076217,0.0047160923,HOLD,In cooldown (5s remaining),âœ… NORMAL LOAD - 31 req/s,False,False
375,21.26499682649731,2,22.758998095898384,18.100873492586224,68.48929781888896,0.10449611,0.048381772,HOLD,In cooldown (4s remaining),ðŸ’¤ LOW LOAD - 21 req/s,False,False
376,25.32349345369644,2,25.194096072217864,20.02865939050581,69.02212423689282,0.010550554,0.0052976212,HOLD,In cooldown (3s remaining),ðŸ’¤ LOW LOAD - 25 req/s,False,False
377,30.42437347602268,2,28.254624085613607,22.45157740111077,71.71655046913375,0.005046173,0.0075404937,HOLD,In cooldown (2s remaining),âœ… NORMAL LOAD - 30 req/s,False,False
378,33.5087015425989,2,30.10522092555934,23.916633232734476,73.61777445683725,0.0057082423,0.0074728103,HOLD,In cooldown (1s remaining),âœ… NORMAL LOAD - 34 req/s,False,False
379,28.068715582909963,2,26.841229349745976,21.33263990188223,70.81535332929687,0.0077979527,0.007946883,HOLD,In cooldown (0s remaining),ðŸ’¤ LOW LOAD - 28 req/s,False,False
380,32.99035060283924,2,29.794210361703545,23.67041653634864,73.81964916053558,0.007843504,0.006901576,SCALE_DOWN,Low spike probability (0.01) + Low CPU (26.8%) [HIT MIN LIMIT],âœ… NORMAL LOAD - 33 req/s,False,False
381,27.36883316763983,2,26.421299900583897,21.00019575462892,71.16689310811475,0.0081795305,0.00998062,HOLD,In cooldown (9s remaining),ðŸ’¤ LOW LOAD - 27 req/s,False,False
382,25.66959518917779,2,25.401757113506676,20.19305771485945,65.19294626558072,0.0095206825,0.009781326,HOLD,In cooldown (8s remaining),ðŸ’¤ LOW LOAD - 26 req/s,False,False
383,34.379513133020765,2,30.62770787981246,24.330268738184863,74.71860775892094,0.002644612,0.0071808854,HOLD,In cooldown (7s remaining),âœ… NORMAL LOAD - 34 req/s,False,False
384,21.51268096496814,2,22.907608578980884,18.21852345835987,65.51133458614204,0.0577343,0.046718713,HOLD,In cooldown (6s remaining),ðŸ’¤ LOW LOAD - 22 req/s,False,False
385,32.291780055696016,2,29.37506803341761,23.338595526455606,74.55683121152119,0.0031706386,0.006814305,HOLD,In cooldown (5s remaining),âœ… NORMAL LOAD - 32 req/s,False,False
386,32.84510249706937,2,29.70706149824162,23.60142368610795,75.45910019181954,0.003927294,0.00608595,HOLD,In cooldown (4s remaining),âœ… NORMAL LOAD - 33 req/s,False,False
387,27.27770706578941,2,26.366624239473644,20.95691085624997,77.3624404594163,0.009130463,0.007322043,HOLD,In cooldown (3s remaining),ðŸ’¤ LOW LOAD - 27 req/s,False,False
388,26.93064411747816,2,26.158386470486896,20.792055955802127,70.85422263059344,0.006645742,0.006284775,HOLD,In cooldown (2s remaining),ðŸ’¤ LOW LOAD - 27 req/s,False,False
389,30.522251752099177,2,28.313351051259506,22.49806958224711,72.29843793199525,0.006427268,0.008242461,HOLD,In cooldown (1s remaining),âœ… NORMAL LOAD - 31 req/s,False,False
390,37.50820179839349,2,32.504921079036095,25.81639585423691,73.61838867424709,0.011089869,0.0050228275,HOLD,In cooldown (0s remaining),âœ… NORMAL LOAD - 38 req/s,False,False
391,38.695808626113205,2,33.21748517566792,26.38050909740377,76.95727416309636,0.0036812448,0.006792765,HOLD,"Holding: prob_30s=0.00, prob_60s=0.01, CPU=32.5%",âœ… NORMAL LOAD - 39 req/s,False,False
392,22.0404660102188,2,23.22427960613128,18.46922135485393,68.2217499435803,0.025171582,0.017743295,HOLD,"Holding: prob_30s=0.03, prob_60s=0.02, CPU=33.2%",ðŸ’¤ LOW LOAD - 22 req/s,False,False
393,37.04879398150448,2,32.22927638890269,25.598177141214627,76.77585494581415,0.005154601,0.005827364,SCALE_DOWN,Low spike probability (0.01) + Low CPU (23.2%) [HIT MIN LIMIT],âœ… NORMAL LOAD - 37 req/s,False,False
394,36.24957055807701,2,31.749742334846207,25.21854601508658,76.40581674974952,0.0037156916,0.005771982,HOLD,In cooldown (9s remaining),âœ… NORMAL LOAD - 36 req/s,False,False
395,28.85366224636336,2,27.312197347818014,21.705489567022596,69.59563800124432,0.0058641653,0.0064389077,HOLD,In cooldown (8s remaining),ðŸ’¤ LOW LOAD - 29 req/s,False,False
396,35.01124492089043,2,31.006746952534254,24.63034133742295,77.14926763206176,0.0031706912,0.006884276,HOLD,In cooldown (7s remaining),âœ… NORMAL LOAD - 35 req/s,False,False
397,29.381757395221527,2,27.629054437132915,21.956334762730222,70.54210868412193,0.0061942027,0.008452978,HOLD,In cooldown (6s remaining),ðŸ’¤ LOW LOAD - 29 req/s,False,False
398,25.800273645229066,2,25.48016418713744,20.255129981483805,69.11848418687978,0.0062906235,0.0058941743,HOLD,In cooldown (5s remaining),ðŸ’¤ LOW LOAD - 26 req/s,False,False
399,29.520292936207102,2,27.71217576172426,22.02213914469837,72.08840177554204,0.005573436,0.008212144,HOLD,In cooldown (4s remaining),ðŸ’¤ LOW LOAD - 30 req/s,False,False
